group,variable,value
gadW,1032,0
CARB-21,1032,0
CARB-18,1032,0
CARB-22,1032,0
OCH-7,1032,0
CARB-20,1032,0
rpoB,1032,0
acrD,1032,0
tetR,1032,0
tet(B),1032,0
tet(D),1032,0
vgaC,1032,0
sul2,1032,0
parC,1032,0
gyrA,1032,0
floR,1032,0
dfrA5,1032,0
APH(3'')-Ib,1032,0
ICR-Mc,1032,0
ANT(4')-IIb,1032,1
adeF,1032,1
ugd,1032,1
soxS,1032,1
soxR,1032,1
nfsA,1032,1
msbA,1032,1
mdtP,1032,1
mdtO,1032,1
mdtN,1032,1
mdtM,1032,1
mdtH,1032,1
mdtG,1032,1
mdtF,1032,1
mdtE,1032,1
mdtC,1032,1
mdtB,1032,1
mdtA,1032,1
mdfA,1032,1
marR,1032,1
marA,1032,1
kdpE,1032,1
gadX,1032,1
evgS,1032,1
evgA,1032,1
eptA,1032,1
emrY,1032,1
emrR,1032,1
emrK,1032,1
emrE,1032,1
emrB,1032,1
emrA,1032,1
cpxA,1032,1
baeS,1032,1
baeR,1032,1
bacA,1032,1
acrR,1032,1
acrB,1032,1
acrA,1032,1
YojI,1032,1
TolC,1032,1
PmrF,1032,1
H-NS,1032,1
GlpT,1032,1
CRP,1032,1
BUT-1,1032,1
AcrS,1032,1
AcrE,1032,1
AcrF,1032,1
gadW,1759,0
CARB-21,1759,0
CARB-18,1759,0
CARB-22,1759,0
OCH-7,1759,0
CARB-20,1759,0
rpoB,1759,0
acrD,1759,0
tetR,1759,0
tet(B),1759,0
tet(D),1759,0
vgaC,1759,0
sul2,1759,0
parC,1759,0
gyrA,1759,0
floR,1759,0
dfrA5,1759,0
APH(3'')-Ib,1759,0
ICR-Mc,1759,0
ANT(4')-IIb,1759,1
adeF,1759,1
ugd,1759,1
soxS,1759,1
soxR,1759,1
nfsA,1759,1
msbA,1759,1
mdtP,1759,1
mdtO,1759,1
mdtN,1759,1
mdtM,1759,1
mdtH,1759,1
mdtG,1759,1
mdtF,1759,1
mdtE,1759,1
mdtC,1759,1
mdtB,1759,1
mdtA,1759,1
mdfA,1759,1
marR,1759,1
marA,1759,1
kdpE,1759,1
gadX,1759,1
evgS,1759,1
evgA,1759,1
eptA,1759,1
emrY,1759,1
emrR,1759,1
emrK,1759,1
emrE,1759,1
emrB,1759,1
emrA,1759,1
cpxA,1759,1
baeS,1759,1
baeR,1759,1
bacA,1759,1
acrR,1759,1
acrB,1759,1
acrA,1759,1
YojI,1759,1
TolC,1759,1
PmrF,1759,1
H-NS,1759,1
GlpT,1759,1
CRP,1759,1
BUT-1,1759,1
AcrS,1759,1
AcrE,1759,1
AcrF,1759,1
gadW,1036,0
CARB-21,1036,1
CARB-18,1036,0
CARB-22,1036,0
OCH-7,1036,0
CARB-20,1036,0
rpoB,1036,0
acrD,1036,0
tetR,1036,0
tet(B),1036,0
tet(D),1036,0
vgaC,1036,0
sul2,1036,0
parC,1036,0
gyrA,1036,0
floR,1036,0
dfrA5,1036,0
APH(3'')-Ib,1036,0
ICR-Mc,1036,0
ANT(4')-IIb,1036,1
adeF,1036,1
ugd,1036,1
soxS,1036,1
soxR,1036,1
nfsA,1036,1
msbA,1036,1
mdtP,1036,1
mdtO,1036,1
mdtN,1036,1
mdtM,1036,1
mdtH,1036,1
mdtG,1036,1
mdtF,1036,1
mdtE,1036,1
mdtC,1036,1
mdtB,1036,1
mdtA,1036,1
mdfA,1036,1
marR,1036,1
marA,1036,1
kdpE,1036,1
gadX,1036,1
evgS,1036,1
evgA,1036,1
eptA,1036,1
emrY,1036,1
emrR,1036,1
emrK,1036,1
emrE,1036,1
emrB,1036,1
emrA,1036,1
cpxA,1036,1
baeS,1036,1
baeR,1036,1
bacA,1036,1
acrR,1036,1
acrB,1036,1
acrA,1036,1
YojI,1036,1
TolC,1036,1
PmrF,1036,1
H-NS,1036,1
GlpT,1036,1
CRP,1036,1
BUT-1,1036,1
AcrS,1036,1
AcrE,1036,1
AcrF,1036,1
gadW,1751,0
CARB-21,1751,0
CARB-18,1751,1
CARB-22,1751,0
OCH-7,1751,0
CARB-20,1751,0
rpoB,1751,0
acrD,1751,0
tetR,1751,0
tet(B),1751,0
tet(D),1751,0
vgaC,1751,0
sul2,1751,0
parC,1751,0
gyrA,1751,0
floR,1751,0
dfrA5,1751,0
APH(3'')-Ib,1751,0
ICR-Mc,1751,0
ANT(4')-IIb,1751,1
adeF,1751,1
ugd,1751,1
soxS,1751,1
soxR,1751,1
nfsA,1751,1
msbA,1751,1
mdtP,1751,1
mdtO,1751,1
mdtN,1751,1
mdtM,1751,1
mdtH,1751,1
mdtG,1751,1
mdtF,1751,1
mdtE,1751,1
mdtC,1751,1
mdtB,1751,1
mdtA,1751,1
mdfA,1751,1
marR,1751,1
marA,1751,1
kdpE,1751,1
gadX,1751,1
evgS,1751,1
evgA,1751,1
eptA,1751,1
emrY,1751,1
emrR,1751,1
emrK,1751,1
emrE,1751,1
emrB,1751,1
emrA,1751,1
cpxA,1751,1
baeS,1751,1
baeR,1751,1
bacA,1751,1
acrR,1751,1
acrB,1751,1
acrA,1751,1
YojI,1751,1
TolC,1751,1
PmrF,1751,1
H-NS,1751,1
GlpT,1751,1
CRP,1751,1
BUT-1,1751,1
AcrS,1751,1
AcrE,1751,1
AcrF,1751,1
gadW,1476,0
CARB-21,1476,0
CARB-18,1476,0
CARB-22,1476,0
OCH-7,1476,0
CARB-20,1476,0
rpoB,1476,0
acrD,1476,0
tetR,1476,0
tet(B),1476,0
tet(D),1476,0
vgaC,1476,0
sul2,1476,0
parC,1476,0
gyrA,1476,0
floR,1476,0
dfrA5,1476,0
APH(3'')-Ib,1476,0
ICR-Mc,1476,0
ANT(4')-IIb,1476,1
adeF,1476,1
ugd,1476,1
soxS,1476,1
soxR,1476,1
nfsA,1476,1
msbA,1476,1
mdtP,1476,1
mdtO,1476,1
mdtN,1476,1
mdtM,1476,1
mdtH,1476,1
mdtG,1476,1
mdtF,1476,1
mdtE,1476,1
mdtC,1476,1
mdtB,1476,1
mdtA,1476,1
mdfA,1476,1
marR,1476,1
marA,1476,1
kdpE,1476,1
gadX,1476,1
evgS,1476,1
evgA,1476,1
eptA,1476,1
emrY,1476,1
emrR,1476,1
emrK,1476,1
emrE,1476,1
emrB,1476,1
emrA,1476,1
cpxA,1476,1
baeS,1476,1
baeR,1476,1
bacA,1476,1
acrR,1476,1
acrB,1476,1
acrA,1476,1
YojI,1476,1
TolC,1476,1
PmrF,1476,1
H-NS,1476,1
GlpT,1476,1
CRP,1476,1
BUT-1,1476,1
AcrS,1476,1
AcrE,1476,1
AcrF,1476,1
gadW,1033,0
CARB-21,1033,1
CARB-18,1033,0
CARB-22,1033,0
OCH-7,1033,0
CARB-20,1033,0
rpoB,1033,0
acrD,1033,0
tetR,1033,0
tet(B),1033,0
tet(D),1033,0
vgaC,1033,0
sul2,1033,0
parC,1033,0
gyrA,1033,0
floR,1033,0
dfrA5,1033,0
APH(3'')-Ib,1033,0
ICR-Mc,1033,0
ANT(4')-IIb,1033,1
adeF,1033,1
ugd,1033,1
soxS,1033,1
soxR,1033,1
nfsA,1033,1
msbA,1033,1
mdtP,1033,1
mdtO,1033,1
mdtN,1033,1
mdtM,1033,1
mdtH,1033,1
mdtG,1033,1
mdtF,1033,1
mdtE,1033,1
mdtC,1033,1
mdtB,1033,1
mdtA,1033,1
mdfA,1033,1
marR,1033,1
marA,1033,1
kdpE,1033,1
gadX,1033,1
evgS,1033,1
evgA,1033,1
eptA,1033,1
emrY,1033,1
emrR,1033,1
emrK,1033,1
emrE,1033,1
emrB,1033,1
emrA,1033,1
cpxA,1033,1
baeS,1033,1
baeR,1033,1
bacA,1033,1
acrR,1033,1
acrB,1033,1
acrA,1033,1
YojI,1033,1
TolC,1033,1
PmrF,1033,1
H-NS,1033,1
GlpT,1033,1
CRP,1033,1
BUT-1,1033,1
AcrS,1033,1
AcrE,1033,1
AcrF,1033,1
gadW,1294,0
CARB-21,1294,0
CARB-18,1294,0
CARB-22,1294,0
OCH-7,1294,0
CARB-20,1294,0
rpoB,1294,0
acrD,1294,0
tetR,1294,0
tet(B),1294,0
tet(D),1294,0
vgaC,1294,0
sul2,1294,0
parC,1294,0
gyrA,1294,0
floR,1294,0
dfrA5,1294,0
APH(3'')-Ib,1294,0
ICR-Mc,1294,0
ANT(4')-IIb,1294,1
adeF,1294,1
ugd,1294,1
soxS,1294,1
soxR,1294,1
nfsA,1294,1
msbA,1294,1
mdtP,1294,1
mdtO,1294,1
mdtN,1294,1
mdtM,1294,1
mdtH,1294,1
mdtG,1294,1
mdtF,1294,1
mdtE,1294,1
mdtC,1294,1
mdtB,1294,1
mdtA,1294,1
mdfA,1294,1
marR,1294,1
marA,1294,1
kdpE,1294,1
gadX,1294,1
evgS,1294,1
evgA,1294,1
eptA,1294,1
emrY,1294,1
emrR,1294,1
emrK,1294,1
emrE,1294,1
emrB,1294,1
emrA,1294,1
cpxA,1294,1
baeS,1294,1
baeR,1294,1
bacA,1294,1
acrR,1294,1
acrB,1294,1
acrA,1294,1
YojI,1294,1
TolC,1294,1
PmrF,1294,1
H-NS,1294,1
GlpT,1294,1
CRP,1294,1
BUT-1,1294,1
AcrS,1294,1
AcrE,1294,1
AcrF,1294,1
gadW,1058,0
CARB-21,1058,0
CARB-18,1058,0
CARB-22,1058,0
OCH-7,1058,0
CARB-20,1058,0
rpoB,1058,0
acrD,1058,0
tetR,1058,0
tet(B),1058,0
tet(D),1058,0
vgaC,1058,0
sul2,1058,0
parC,1058,0
gyrA,1058,0
floR,1058,0
dfrA5,1058,0
APH(3'')-Ib,1058,0
ICR-Mc,1058,0
ANT(4')-IIb,1058,1
adeF,1058,1
ugd,1058,1
soxS,1058,1
soxR,1058,1
nfsA,1058,1
msbA,1058,1
mdtP,1058,1
mdtO,1058,1
mdtN,1058,1
mdtM,1058,1
mdtH,1058,1
mdtG,1058,1
mdtF,1058,1
mdtE,1058,1
mdtC,1058,1
mdtB,1058,1
mdtA,1058,1
mdfA,1058,1
marR,1058,1
marA,1058,1
kdpE,1058,1
gadX,1058,1
evgS,1058,1
evgA,1058,1
eptA,1058,1
emrY,1058,1
emrR,1058,1
emrK,1058,1
emrE,1058,1
emrB,1058,1
emrA,1058,1
cpxA,1058,1
baeS,1058,1
baeR,1058,1
bacA,1058,1
acrR,1058,1
acrB,1058,1
acrA,1058,1
YojI,1058,1
TolC,1058,1
PmrF,1058,1
H-NS,1058,1
GlpT,1058,1
CRP,1058,1
BUT-1,1058,1
AcrS,1058,1
AcrE,1058,1
AcrF,1058,1
gadW,1803,0
CARB-21,1803,0
CARB-18,1803,0
CARB-22,1803,0
OCH-7,1803,0
CARB-20,1803,0
rpoB,1803,0
acrD,1803,0
tetR,1803,0
tet(B),1803,0
tet(D),1803,0
vgaC,1803,0
sul2,1803,0
parC,1803,0
gyrA,1803,0
floR,1803,0
dfrA5,1803,0
APH(3'')-Ib,1803,0
ICR-Mc,1803,0
ANT(4')-IIb,1803,1
adeF,1803,1
ugd,1803,1
soxS,1803,1
soxR,1803,1
nfsA,1803,1
msbA,1803,1
mdtP,1803,1
mdtO,1803,1
mdtN,1803,1
mdtM,1803,1
mdtH,1803,1
mdtG,1803,1
mdtF,1803,1
mdtE,1803,1
mdtC,1803,1
mdtB,1803,1
mdtA,1803,1
mdfA,1803,1
marR,1803,1
marA,1803,1
kdpE,1803,1
gadX,1803,1
evgS,1803,1
evgA,1803,1
eptA,1803,1
emrY,1803,1
emrR,1803,1
emrK,1803,1
emrE,1803,1
emrB,1803,1
emrA,1803,1
cpxA,1803,1
baeS,1803,1
baeR,1803,1
bacA,1803,1
acrR,1803,1
acrB,1803,1
acrA,1803,1
YojI,1803,1
TolC,1803,1
PmrF,1803,1
H-NS,1803,1
GlpT,1803,1
CRP,1803,1
BUT-1,1803,1
AcrS,1803,1
AcrE,1803,1
AcrF,1803,1
gadW,1239,0
CARB-21,1239,1
CARB-18,1239,0
CARB-22,1239,0
OCH-7,1239,0
CARB-20,1239,0
rpoB,1239,0
acrD,1239,0
tetR,1239,0
tet(B),1239,0
tet(D),1239,0
vgaC,1239,0
sul2,1239,0
parC,1239,0
gyrA,1239,0
floR,1239,0
dfrA5,1239,0
APH(3'')-Ib,1239,0
ICR-Mc,1239,0
ANT(4')-IIb,1239,1
adeF,1239,1
ugd,1239,1
soxS,1239,1
soxR,1239,1
nfsA,1239,1
msbA,1239,1
mdtP,1239,1
mdtO,1239,1
mdtN,1239,1
mdtM,1239,1
mdtH,1239,1
mdtG,1239,1
mdtF,1239,1
mdtE,1239,1
mdtC,1239,1
mdtB,1239,1
mdtA,1239,1
mdfA,1239,1
marR,1239,1
marA,1239,1
kdpE,1239,1
gadX,1239,1
evgS,1239,1
evgA,1239,1
eptA,1239,1
emrY,1239,1
emrR,1239,1
emrK,1239,1
emrE,1239,1
emrB,1239,1
emrA,1239,1
cpxA,1239,1
baeS,1239,1
baeR,1239,1
bacA,1239,1
acrR,1239,1
acrB,1239,1
acrA,1239,1
YojI,1239,1
TolC,1239,1
PmrF,1239,1
H-NS,1239,1
GlpT,1239,1
CRP,1239,1
BUT-1,1239,1
AcrS,1239,1
AcrE,1239,1
AcrF,1239,1
gadW,1752,0
CARB-21,1752,0
CARB-18,1752,0
CARB-22,1752,1
OCH-7,1752,0
CARB-20,1752,0
rpoB,1752,0
acrD,1752,0
tetR,1752,0
tet(B),1752,0
tet(D),1752,0
vgaC,1752,0
sul2,1752,0
parC,1752,0
gyrA,1752,0
floR,1752,0
dfrA5,1752,0
APH(3'')-Ib,1752,0
ICR-Mc,1752,0
ANT(4')-IIb,1752,1
adeF,1752,1
ugd,1752,1
soxS,1752,1
soxR,1752,1
nfsA,1752,1
msbA,1752,1
mdtP,1752,1
mdtO,1752,1
mdtN,1752,1
mdtM,1752,1
mdtH,1752,1
mdtG,1752,1
mdtF,1752,1
mdtE,1752,1
mdtC,1752,1
mdtB,1752,1
mdtA,1752,1
mdfA,1752,1
marR,1752,1
marA,1752,1
kdpE,1752,1
gadX,1752,1
evgS,1752,1
evgA,1752,1
eptA,1752,1
emrY,1752,1
emrR,1752,1
emrK,1752,1
emrE,1752,1
emrB,1752,1
emrA,1752,1
cpxA,1752,1
baeS,1752,1
baeR,1752,1
bacA,1752,1
acrR,1752,1
acrB,1752,1
acrA,1752,1
YojI,1752,1
TolC,1752,1
PmrF,1752,1
H-NS,1752,1
GlpT,1752,1
CRP,1752,1
BUT-1,1752,1
AcrS,1752,1
AcrE,1752,1
AcrF,1752,1
gadW,1704,0
CARB-21,1704,1
CARB-18,1704,0
CARB-22,1704,0
OCH-7,1704,0
CARB-20,1704,0
rpoB,1704,0
acrD,1704,0
tetR,1704,0
tet(B),1704,0
tet(D),1704,0
vgaC,1704,0
sul2,1704,0
parC,1704,0
gyrA,1704,0
floR,1704,0
dfrA5,1704,0
APH(3'')-Ib,1704,0
ICR-Mc,1704,0
ANT(4')-IIb,1704,1
adeF,1704,1
ugd,1704,1
soxS,1704,1
soxR,1704,1
nfsA,1704,1
msbA,1704,1
mdtP,1704,1
mdtO,1704,1
mdtN,1704,1
mdtM,1704,1
mdtH,1704,1
mdtG,1704,1
mdtF,1704,1
mdtE,1704,1
mdtC,1704,1
mdtB,1704,1
mdtA,1704,1
mdfA,1704,1
marR,1704,1
marA,1704,1
kdpE,1704,1
gadX,1704,1
evgS,1704,1
evgA,1704,1
eptA,1704,1
emrY,1704,1
emrR,1704,1
emrK,1704,1
emrE,1704,1
emrB,1704,1
emrA,1704,1
cpxA,1704,1
baeS,1704,1
baeR,1704,1
bacA,1704,1
acrR,1704,1
acrB,1704,1
acrA,1704,1
YojI,1704,1
TolC,1704,1
PmrF,1704,1
H-NS,1704,1
GlpT,1704,1
CRP,1704,1
BUT-1,1704,1
AcrS,1704,1
AcrE,1704,1
AcrF,1704,1
gadW,1145,0
CARB-21,1145,0
CARB-18,1145,0
CARB-22,1145,0
OCH-7,1145,0
CARB-20,1145,0
rpoB,1145,0
acrD,1145,0
tetR,1145,0
tet(B),1145,0
tet(D),1145,0
vgaC,1145,0
sul2,1145,0
parC,1145,0
gyrA,1145,0
floR,1145,0
dfrA5,1145,0
APH(3'')-Ib,1145,0
ICR-Mc,1145,0
ANT(4')-IIb,1145,1
adeF,1145,1
ugd,1145,1
soxS,1145,1
soxR,1145,1
nfsA,1145,1
msbA,1145,1
mdtP,1145,1
mdtO,1145,1
mdtN,1145,1
mdtM,1145,1
mdtH,1145,1
mdtG,1145,1
mdtF,1145,1
mdtE,1145,1
mdtC,1145,1
mdtB,1145,1
mdtA,1145,1
mdfA,1145,1
marR,1145,1
marA,1145,1
kdpE,1145,1
gadX,1145,1
evgS,1145,1
evgA,1145,1
eptA,1145,1
emrY,1145,1
emrR,1145,1
emrK,1145,1
emrE,1145,1
emrB,1145,1
emrA,1145,1
cpxA,1145,1
baeS,1145,1
baeR,1145,1
bacA,1145,1
acrR,1145,1
acrB,1145,1
acrA,1145,1
YojI,1145,1
TolC,1145,1
PmrF,1145,1
H-NS,1145,1
GlpT,1145,1
CRP,1145,1
BUT-1,1145,1
AcrS,1145,1
AcrE,1145,1
AcrF,1145,1
gadW,1309,0
CARB-21,1309,1
CARB-18,1309,0
CARB-22,1309,0
OCH-7,1309,0
CARB-20,1309,0
rpoB,1309,0
acrD,1309,0
tetR,1309,0
tet(B),1309,0
tet(D),1309,0
vgaC,1309,0
sul2,1309,0
parC,1309,0
gyrA,1309,0
floR,1309,0
dfrA5,1309,0
APH(3'')-Ib,1309,0
ICR-Mc,1309,0
ANT(4')-IIb,1309,1
adeF,1309,1
ugd,1309,1
soxS,1309,1
soxR,1309,1
nfsA,1309,1
msbA,1309,1
mdtP,1309,1
mdtO,1309,1
mdtN,1309,1
mdtM,1309,1
mdtH,1309,1
mdtG,1309,1
mdtF,1309,1
mdtE,1309,1
mdtC,1309,1
mdtB,1309,1
mdtA,1309,1
mdfA,1309,1
marR,1309,1
marA,1309,1
kdpE,1309,1
gadX,1309,1
evgS,1309,1
evgA,1309,1
eptA,1309,1
emrY,1309,1
emrR,1309,1
emrK,1309,1
emrE,1309,1
emrB,1309,1
emrA,1309,1
cpxA,1309,1
baeS,1309,1
baeR,1309,1
bacA,1309,1
acrR,1309,1
acrB,1309,1
acrA,1309,1
YojI,1309,1
TolC,1309,1
PmrF,1309,1
H-NS,1309,1
GlpT,1309,1
CRP,1309,1
BUT-1,1309,1
AcrS,1309,1
AcrE,1309,1
AcrF,1309,1
gadW,1785,0
CARB-21,1785,0
CARB-18,1785,0
CARB-22,1785,0
OCH-7,1785,0
CARB-20,1785,0
rpoB,1785,0
acrD,1785,0
tetR,1785,0
tet(B),1785,0
tet(D),1785,0
vgaC,1785,0
sul2,1785,0
parC,1785,0
gyrA,1785,0
floR,1785,0
dfrA5,1785,0
APH(3'')-Ib,1785,0
ICR-Mc,1785,0
ANT(4')-IIb,1785,1
adeF,1785,1
ugd,1785,1
soxS,1785,1
soxR,1785,1
nfsA,1785,1
msbA,1785,1
mdtP,1785,1
mdtO,1785,1
mdtN,1785,1
mdtM,1785,1
mdtH,1785,1
mdtG,1785,1
mdtF,1785,1
mdtE,1785,1
mdtC,1785,1
mdtB,1785,1
mdtA,1785,1
mdfA,1785,1
marR,1785,1
marA,1785,1
kdpE,1785,1
gadX,1785,1
evgS,1785,1
evgA,1785,1
eptA,1785,1
emrY,1785,1
emrR,1785,1
emrK,1785,1
emrE,1785,1
emrB,1785,1
emrA,1785,1
cpxA,1785,1
baeS,1785,1
baeR,1785,1
bacA,1785,1
acrR,1785,1
acrB,1785,1
acrA,1785,1
YojI,1785,1
TolC,1785,1
PmrF,1785,1
H-NS,1785,1
GlpT,1785,1
CRP,1785,1
BUT-1,1785,1
AcrS,1785,1
AcrE,1785,1
AcrF,1785,1
gadW,1293,0
CARB-21,1293,0
CARB-18,1293,1
CARB-22,1293,0
OCH-7,1293,0
CARB-20,1293,0
rpoB,1293,0
acrD,1293,0
tetR,1293,0
tet(B),1293,0
tet(D),1293,0
vgaC,1293,0
sul2,1293,0
parC,1293,0
gyrA,1293,0
floR,1293,0
dfrA5,1293,0
APH(3'')-Ib,1293,0
ICR-Mc,1293,0
ANT(4')-IIb,1293,1
adeF,1293,1
ugd,1293,1
soxS,1293,1
soxR,1293,1
nfsA,1293,1
msbA,1293,1
mdtP,1293,1
mdtO,1293,1
mdtN,1293,1
mdtM,1293,1
mdtH,1293,1
mdtG,1293,1
mdtF,1293,1
mdtE,1293,1
mdtC,1293,1
mdtB,1293,1
mdtA,1293,1
mdfA,1293,1
marR,1293,1
marA,1293,1
kdpE,1293,1
gadX,1293,1
evgS,1293,1
evgA,1293,1
eptA,1293,1
emrY,1293,1
emrR,1293,1
emrK,1293,1
emrE,1293,1
emrB,1293,1
emrA,1293,1
cpxA,1293,1
baeS,1293,1
baeR,1293,1
bacA,1293,1
acrR,1293,1
acrB,1293,1
acrA,1293,1
YojI,1293,1
TolC,1293,1
PmrF,1293,1
H-NS,1293,1
GlpT,1293,1
CRP,1293,1
BUT-1,1293,1
AcrS,1293,1
AcrE,1293,1
AcrF,1293,1
gadW,1595,0
CARB-21,1595,0
CARB-18,1595,0
CARB-22,1595,0
OCH-7,1595,0
CARB-20,1595,0
rpoB,1595,0
acrD,1595,0
tetR,1595,0
tet(B),1595,0
tet(D),1595,0
vgaC,1595,0
sul2,1595,0
parC,1595,0
gyrA,1595,0
floR,1595,0
dfrA5,1595,0
APH(3'')-Ib,1595,0
ICR-Mc,1595,0
ANT(4')-IIb,1595,1
adeF,1595,1
ugd,1595,1
soxS,1595,1
soxR,1595,1
nfsA,1595,1
msbA,1595,1
mdtP,1595,1
mdtO,1595,1
mdtN,1595,1
mdtM,1595,1
mdtH,1595,1
mdtG,1595,1
mdtF,1595,1
mdtE,1595,1
mdtC,1595,1
mdtB,1595,1
mdtA,1595,1
mdfA,1595,1
marR,1595,1
marA,1595,1
kdpE,1595,1
gadX,1595,1
evgS,1595,1
evgA,1595,1
eptA,1595,1
emrY,1595,1
emrR,1595,1
emrK,1595,1
emrE,1595,1
emrB,1595,1
emrA,1595,1
cpxA,1595,1
baeS,1595,1
baeR,1595,1
bacA,1595,1
acrR,1595,1
acrB,1595,1
acrA,1595,1
YojI,1595,1
TolC,1595,1
PmrF,1595,1
H-NS,1595,1
GlpT,1595,1
CRP,1595,1
BUT-1,1595,1
AcrS,1595,1
AcrE,1595,1
AcrF,1595,1
gadW,1350,0
CARB-21,1350,0
CARB-18,1350,0
CARB-22,1350,0
OCH-7,1350,0
CARB-20,1350,0
rpoB,1350,0
acrD,1350,0
tetR,1350,0
tet(B),1350,0
tet(D),1350,0
vgaC,1350,0
sul2,1350,0
parC,1350,0
gyrA,1350,0
floR,1350,0
dfrA5,1350,0
APH(3'')-Ib,1350,0
ICR-Mc,1350,0
ANT(4')-IIb,1350,1
adeF,1350,1
ugd,1350,1
soxS,1350,1
soxR,1350,1
nfsA,1350,1
msbA,1350,1
mdtP,1350,1
mdtO,1350,1
mdtN,1350,1
mdtM,1350,1
mdtH,1350,1
mdtG,1350,1
mdtF,1350,1
mdtE,1350,1
mdtC,1350,1
mdtB,1350,1
mdtA,1350,1
mdfA,1350,1
marR,1350,1
marA,1350,1
kdpE,1350,1
gadX,1350,1
evgS,1350,1
evgA,1350,1
eptA,1350,1
emrY,1350,1
emrR,1350,1
emrK,1350,1
emrE,1350,1
emrB,1350,1
emrA,1350,1
cpxA,1350,1
baeS,1350,1
baeR,1350,1
bacA,1350,1
acrR,1350,1
acrB,1350,1
acrA,1350,1
YojI,1350,1
TolC,1350,1
PmrF,1350,1
H-NS,1350,1
GlpT,1350,1
CRP,1350,1
BUT-1,1350,1
AcrS,1350,1
AcrE,1350,1
AcrF,1350,1
gadW,1166,0
CARB-21,1166,1
CARB-18,1166,0
CARB-22,1166,0
OCH-7,1166,0
CARB-20,1166,0
rpoB,1166,0
acrD,1166,0
tetR,1166,0
tet(B),1166,0
tet(D),1166,0
vgaC,1166,0
sul2,1166,0
parC,1166,0
gyrA,1166,0
floR,1166,0
dfrA5,1166,0
APH(3'')-Ib,1166,0
ICR-Mc,1166,0
ANT(4')-IIb,1166,1
adeF,1166,1
ugd,1166,1
soxS,1166,1
soxR,1166,1
nfsA,1166,1
msbA,1166,1
mdtP,1166,1
mdtO,1166,1
mdtN,1166,1
mdtM,1166,1
mdtH,1166,1
mdtG,1166,1
mdtF,1166,1
mdtE,1166,1
mdtC,1166,1
mdtB,1166,1
mdtA,1166,1
mdfA,1166,1
marR,1166,1
marA,1166,1
kdpE,1166,1
gadX,1166,1
evgS,1166,1
evgA,1166,1
eptA,1166,1
emrY,1166,1
emrR,1166,1
emrK,1166,1
emrE,1166,1
emrB,1166,1
emrA,1166,1
cpxA,1166,1
baeS,1166,1
baeR,1166,1
bacA,1166,1
acrR,1166,1
acrB,1166,1
acrA,1166,1
YojI,1166,1
TolC,1166,1
PmrF,1166,1
H-NS,1166,1
GlpT,1166,1
CRP,1166,1
BUT-1,1166,1
AcrS,1166,1
AcrE,1166,1
AcrF,1166,1
gadW,1831,0
CARB-21,1831,0
CARB-18,1831,0
CARB-22,1831,0
OCH-7,1831,0
CARB-20,1831,0
rpoB,1831,0
acrD,1831,0
tetR,1831,0
tet(B),1831,0
tet(D),1831,0
vgaC,1831,0
sul2,1831,0
parC,1831,0
gyrA,1831,0
floR,1831,0
dfrA5,1831,0
APH(3'')-Ib,1831,0
ICR-Mc,1831,0
ANT(4')-IIb,1831,1
adeF,1831,1
ugd,1831,1
soxS,1831,1
soxR,1831,1
nfsA,1831,1
msbA,1831,1
mdtP,1831,1
mdtO,1831,1
mdtN,1831,1
mdtM,1831,1
mdtH,1831,1
mdtG,1831,1
mdtF,1831,1
mdtE,1831,1
mdtC,1831,1
mdtB,1831,1
mdtA,1831,1
mdfA,1831,1
marR,1831,1
marA,1831,1
kdpE,1831,1
gadX,1831,1
evgS,1831,1
evgA,1831,1
eptA,1831,1
emrY,1831,1
emrR,1831,1
emrK,1831,1
emrE,1831,1
emrB,1831,1
emrA,1831,1
cpxA,1831,1
baeS,1831,1
baeR,1831,1
bacA,1831,1
acrR,1831,1
acrB,1831,1
acrA,1831,1
YojI,1831,1
TolC,1831,1
PmrF,1831,1
H-NS,1831,1
GlpT,1831,1
CRP,1831,1
BUT-1,1831,1
AcrS,1831,1
AcrE,1831,1
AcrF,1831,1
gadW,1292,0
CARB-21,1292,0
CARB-18,1292,0
CARB-22,1292,0
OCH-7,1292,0
CARB-20,1292,0
rpoB,1292,0
acrD,1292,0
tetR,1292,0
tet(B),1292,0
tet(D),1292,0
vgaC,1292,0
sul2,1292,0
parC,1292,0
gyrA,1292,0
floR,1292,0
dfrA5,1292,0
APH(3'')-Ib,1292,0
ICR-Mc,1292,0
ANT(4')-IIb,1292,1
adeF,1292,1
ugd,1292,1
soxS,1292,1
soxR,1292,1
nfsA,1292,1
msbA,1292,1
mdtP,1292,1
mdtO,1292,1
mdtN,1292,1
mdtM,1292,1
mdtH,1292,1
mdtG,1292,1
mdtF,1292,1
mdtE,1292,1
mdtC,1292,1
mdtB,1292,1
mdtA,1292,1
mdfA,1292,1
marR,1292,1
marA,1292,1
kdpE,1292,1
gadX,1292,1
evgS,1292,1
evgA,1292,1
eptA,1292,1
emrY,1292,1
emrR,1292,1
emrK,1292,1
emrE,1292,1
emrB,1292,1
emrA,1292,1
cpxA,1292,1
baeS,1292,1
baeR,1292,1
bacA,1292,1
acrR,1292,1
acrB,1292,1
acrA,1292,1
YojI,1292,1
TolC,1292,1
PmrF,1292,1
H-NS,1292,1
GlpT,1292,1
CRP,1292,1
BUT-1,1292,1
AcrS,1292,1
AcrE,1292,1
AcrF,1292,1
gadW,1720,0
CARB-21,1720,0
CARB-18,1720,0
CARB-22,1720,0
OCH-7,1720,0
CARB-20,1720,1
rpoB,1720,1
acrD,1720,0
tetR,1720,0
tet(B),1720,0
tet(D),1720,0
vgaC,1720,0
sul2,1720,0
parC,1720,0
gyrA,1720,0
floR,1720,0
dfrA5,1720,0
APH(3'')-Ib,1720,0
ICR-Mc,1720,0
ANT(4')-IIb,1720,1
adeF,1720,1
ugd,1720,1
soxS,1720,1
soxR,1720,1
nfsA,1720,1
msbA,1720,1
mdtP,1720,1
mdtO,1720,1
mdtN,1720,1
mdtM,1720,1
mdtH,1720,1
mdtG,1720,1
mdtF,1720,1
mdtE,1720,1
mdtC,1720,1
mdtB,1720,1
mdtA,1720,1
mdfA,1720,1
marR,1720,1
marA,1720,1
kdpE,1720,1
gadX,1720,1
evgS,1720,1
evgA,1720,1
eptA,1720,1
emrY,1720,1
emrR,1720,1
emrK,1720,1
emrE,1720,1
emrB,1720,1
emrA,1720,1
cpxA,1720,1
baeS,1720,1
baeR,1720,1
bacA,1720,1
acrR,1720,1
acrB,1720,1
acrA,1720,1
YojI,1720,1
TolC,1720,1
PmrF,1720,1
H-NS,1720,1
GlpT,1720,1
CRP,1720,1
BUT-1,1720,1
AcrS,1720,1
AcrE,1720,1
AcrF,1720,1
gadW,1491,0
CARB-21,1491,0
CARB-18,1491,1
CARB-22,1491,0
OCH-7,1491,0
CARB-20,1491,0
rpoB,1491,0
acrD,1491,0
tetR,1491,0
tet(B),1491,0
tet(D),1491,0
vgaC,1491,0
sul2,1491,0
parC,1491,0
gyrA,1491,0
floR,1491,0
dfrA5,1491,0
APH(3'')-Ib,1491,0
ICR-Mc,1491,0
ANT(4')-IIb,1491,1
adeF,1491,1
ugd,1491,1
soxS,1491,1
soxR,1491,1
nfsA,1491,1
msbA,1491,1
mdtP,1491,1
mdtO,1491,1
mdtN,1491,1
mdtM,1491,1
mdtH,1491,1
mdtG,1491,1
mdtF,1491,1
mdtE,1491,1
mdtC,1491,1
mdtB,1491,1
mdtA,1491,1
mdfA,1491,1
marR,1491,1
marA,1491,1
kdpE,1491,1
gadX,1491,1
evgS,1491,1
evgA,1491,1
eptA,1491,1
emrY,1491,1
emrR,1491,1
emrK,1491,1
emrE,1491,1
emrB,1491,1
emrA,1491,1
cpxA,1491,1
baeS,1491,1
baeR,1491,1
bacA,1491,1
acrR,1491,1
acrB,1491,1
acrA,1491,1
YojI,1491,1
TolC,1491,1
PmrF,1491,1
H-NS,1491,1
GlpT,1491,1
CRP,1491,1
BUT-1,1491,1
AcrS,1491,1
AcrE,1491,1
AcrF,1491,1
gadW,1548,0
CARB-21,1548,0
CARB-18,1548,1
CARB-22,1548,0
OCH-7,1548,0
CARB-20,1548,0
rpoB,1548,0
acrD,1548,0
tetR,1548,0
tet(B),1548,0
tet(D),1548,0
vgaC,1548,0
sul2,1548,0
parC,1548,0
gyrA,1548,0
floR,1548,0
dfrA5,1548,0
APH(3'')-Ib,1548,0
ICR-Mc,1548,0
ANT(4')-IIb,1548,1
adeF,1548,1
ugd,1548,1
soxS,1548,1
soxR,1548,1
nfsA,1548,1
msbA,1548,1
mdtP,1548,1
mdtO,1548,1
mdtN,1548,1
mdtM,1548,1
mdtH,1548,1
mdtG,1548,1
mdtF,1548,1
mdtE,1548,1
mdtC,1548,1
mdtB,1548,1
mdtA,1548,1
mdfA,1548,1
marR,1548,1
marA,1548,1
kdpE,1548,1
gadX,1548,1
evgS,1548,1
evgA,1548,1
eptA,1548,1
emrY,1548,1
emrR,1548,1
emrK,1548,1
emrE,1548,1
emrB,1548,1
emrA,1548,1
cpxA,1548,1
baeS,1548,1
baeR,1548,1
bacA,1548,1
acrR,1548,1
acrB,1548,1
acrA,1548,1
YojI,1548,1
TolC,1548,1
PmrF,1548,1
H-NS,1548,1
GlpT,1548,1
CRP,1548,1
BUT-1,1548,1
AcrS,1548,1
AcrE,1548,1
AcrF,1548,1
gadW,1358,0
CARB-21,1358,0
CARB-18,1358,0
CARB-22,1358,0
OCH-7,1358,0
CARB-20,1358,0
rpoB,1358,0
acrD,1358,0
tetR,1358,0
tet(B),1358,0
tet(D),1358,0
vgaC,1358,0
sul2,1358,0
parC,1358,0
gyrA,1358,0
floR,1358,0
dfrA5,1358,0
APH(3'')-Ib,1358,0
ICR-Mc,1358,0
ANT(4')-IIb,1358,1
adeF,1358,1
ugd,1358,1
soxS,1358,1
soxR,1358,1
nfsA,1358,1
msbA,1358,1
mdtP,1358,1
mdtO,1358,1
mdtN,1358,1
mdtM,1358,1
mdtH,1358,1
mdtG,1358,1
mdtF,1358,1
mdtE,1358,1
mdtC,1358,1
mdtB,1358,1
mdtA,1358,1
mdfA,1358,1
marR,1358,1
marA,1358,1
kdpE,1358,1
gadX,1358,1
evgS,1358,1
evgA,1358,1
eptA,1358,1
emrY,1358,1
emrR,1358,1
emrK,1358,1
emrE,1358,1
emrB,1358,1
emrA,1358,1
cpxA,1358,1
baeS,1358,1
baeR,1358,1
bacA,1358,1
acrR,1358,1
acrB,1358,1
acrA,1358,1
YojI,1358,1
TolC,1358,1
PmrF,1358,1
H-NS,1358,1
GlpT,1358,1
CRP,1358,1
BUT-1,1358,1
AcrS,1358,1
AcrE,1358,1
AcrF,1358,1
gadW,1419,0
CARB-21,1419,1
CARB-18,1419,0
CARB-22,1419,0
OCH-7,1419,0
CARB-20,1419,0
rpoB,1419,0
acrD,1419,0
tetR,1419,0
tet(B),1419,0
tet(D),1419,0
vgaC,1419,0
sul2,1419,0
parC,1419,0
gyrA,1419,0
floR,1419,0
dfrA5,1419,0
APH(3'')-Ib,1419,0
ICR-Mc,1419,0
ANT(4')-IIb,1419,1
adeF,1419,1
ugd,1419,1
soxS,1419,1
soxR,1419,1
nfsA,1419,1
msbA,1419,1
mdtP,1419,1
mdtO,1419,1
mdtN,1419,1
mdtM,1419,1
mdtH,1419,1
mdtG,1419,1
mdtF,1419,1
mdtE,1419,1
mdtC,1419,1
mdtB,1419,1
mdtA,1419,1
mdfA,1419,1
marR,1419,1
marA,1419,1
kdpE,1419,1
gadX,1419,1
evgS,1419,1
evgA,1419,1
eptA,1419,1
emrY,1419,1
emrR,1419,1
emrK,1419,1
emrE,1419,1
emrB,1419,1
emrA,1419,1
cpxA,1419,1
baeS,1419,1
baeR,1419,1
bacA,1419,1
acrR,1419,1
acrB,1419,1
acrA,1419,1
YojI,1419,1
TolC,1419,1
PmrF,1419,1
H-NS,1419,1
GlpT,1419,1
CRP,1419,1
BUT-1,1419,1
AcrS,1419,1
AcrE,1419,1
AcrF,1419,1
gadW,1217,0
CARB-21,1217,1
CARB-18,1217,0
CARB-22,1217,0
OCH-7,1217,0
CARB-20,1217,0
rpoB,1217,0
acrD,1217,0
tetR,1217,0
tet(B),1217,0
tet(D),1217,0
vgaC,1217,0
sul2,1217,0
parC,1217,0
gyrA,1217,0
floR,1217,0
dfrA5,1217,0
APH(3'')-Ib,1217,0
ICR-Mc,1217,0
ANT(4')-IIb,1217,1
adeF,1217,1
ugd,1217,1
soxS,1217,1
soxR,1217,1
nfsA,1217,1
msbA,1217,1
mdtP,1217,1
mdtO,1217,1
mdtN,1217,1
mdtM,1217,1
mdtH,1217,1
mdtG,1217,1
mdtF,1217,1
mdtE,1217,1
mdtC,1217,1
mdtB,1217,1
mdtA,1217,1
mdfA,1217,1
marR,1217,1
marA,1217,1
kdpE,1217,1
gadX,1217,1
evgS,1217,1
evgA,1217,1
eptA,1217,1
emrY,1217,1
emrR,1217,1
emrK,1217,1
emrE,1217,1
emrB,1217,1
emrA,1217,1
cpxA,1217,1
baeS,1217,1
baeR,1217,1
bacA,1217,1
acrR,1217,1
acrB,1217,1
acrA,1217,1
YojI,1217,1
TolC,1217,1
PmrF,1217,1
H-NS,1217,1
GlpT,1217,1
CRP,1217,1
BUT-1,1217,1
AcrS,1217,1
AcrE,1217,1
AcrF,1217,1
gadW,1572,0
CARB-21,1572,0
CARB-18,1572,0
CARB-22,1572,0
OCH-7,1572,0
CARB-20,1572,0
rpoB,1572,0
acrD,1572,0
tetR,1572,0
tet(B),1572,0
tet(D),1572,0
vgaC,1572,0
sul2,1572,0
parC,1572,0
gyrA,1572,0
floR,1572,0
dfrA5,1572,0
APH(3'')-Ib,1572,0
ICR-Mc,1572,0
ANT(4')-IIb,1572,1
adeF,1572,1
ugd,1572,1
soxS,1572,1
soxR,1572,1
nfsA,1572,1
msbA,1572,1
mdtP,1572,1
mdtO,1572,1
mdtN,1572,1
mdtM,1572,1
mdtH,1572,1
mdtG,1572,1
mdtF,1572,1
mdtE,1572,1
mdtC,1572,1
mdtB,1572,1
mdtA,1572,1
mdfA,1572,1
marR,1572,1
marA,1572,1
kdpE,1572,1
gadX,1572,1
evgS,1572,1
evgA,1572,1
eptA,1572,1
emrY,1572,1
emrR,1572,1
emrK,1572,1
emrE,1572,1
emrB,1572,1
emrA,1572,1
cpxA,1572,1
baeS,1572,1
baeR,1572,1
bacA,1572,1
acrR,1572,1
acrB,1572,1
acrA,1572,1
YojI,1572,1
TolC,1572,1
PmrF,1572,1
H-NS,1572,1
GlpT,1572,1
CRP,1572,1
BUT-1,1572,1
AcrS,1572,1
AcrE,1572,1
AcrF,1572,1
gadW,1632,0
CARB-21,1632,0
CARB-18,1632,0
CARB-22,1632,0
OCH-7,1632,0
CARB-20,1632,0
rpoB,1632,1
acrD,1632,0
tetR,1632,0
tet(B),1632,0
tet(D),1632,0
vgaC,1632,0
sul2,1632,0
parC,1632,0
gyrA,1632,0
floR,1632,0
dfrA5,1632,0
APH(3'')-Ib,1632,0
ICR-Mc,1632,0
ANT(4')-IIb,1632,1
adeF,1632,1
ugd,1632,1
soxS,1632,1
soxR,1632,1
nfsA,1632,1
msbA,1632,1
mdtP,1632,1
mdtO,1632,1
mdtN,1632,1
mdtM,1632,1
mdtH,1632,1
mdtG,1632,1
mdtF,1632,1
mdtE,1632,1
mdtC,1632,1
mdtB,1632,1
mdtA,1632,1
mdfA,1632,1
marR,1632,1
marA,1632,1
kdpE,1632,1
gadX,1632,1
evgS,1632,1
evgA,1632,1
eptA,1632,1
emrY,1632,1
emrR,1632,1
emrK,1632,1
emrE,1632,1
emrB,1632,1
emrA,1632,1
cpxA,1632,1
baeS,1632,1
baeR,1632,1
bacA,1632,1
acrR,1632,1
acrB,1632,1
acrA,1632,1
YojI,1632,1
TolC,1632,1
PmrF,1632,1
H-NS,1632,1
GlpT,1632,1
CRP,1632,1
BUT-1,1632,1
AcrS,1632,1
AcrE,1632,1
AcrF,1632,1
gadW,1077,0
CARB-21,1077,1
CARB-18,1077,0
CARB-22,1077,0
OCH-7,1077,0
CARB-20,1077,0
rpoB,1077,0
acrD,1077,0
tetR,1077,0
tet(B),1077,0
tet(D),1077,0
vgaC,1077,0
sul2,1077,0
parC,1077,0
gyrA,1077,0
floR,1077,0
dfrA5,1077,0
APH(3'')-Ib,1077,0
ICR-Mc,1077,0
ANT(4')-IIb,1077,1
adeF,1077,1
ugd,1077,1
soxS,1077,1
soxR,1077,1
nfsA,1077,1
msbA,1077,1
mdtP,1077,1
mdtO,1077,1
mdtN,1077,1
mdtM,1077,1
mdtH,1077,1
mdtG,1077,1
mdtF,1077,1
mdtE,1077,1
mdtC,1077,1
mdtB,1077,1
mdtA,1077,1
mdfA,1077,1
marR,1077,1
marA,1077,1
kdpE,1077,1
gadX,1077,1
evgS,1077,1
evgA,1077,1
eptA,1077,1
emrY,1077,1
emrR,1077,1
emrK,1077,1
emrE,1077,1
emrB,1077,1
emrA,1077,1
cpxA,1077,1
baeS,1077,1
baeR,1077,1
bacA,1077,1
acrR,1077,1
acrB,1077,1
acrA,1077,1
YojI,1077,1
TolC,1077,1
PmrF,1077,1
H-NS,1077,1
GlpT,1077,1
CRP,1077,1
BUT-1,1077,1
AcrS,1077,1
AcrE,1077,1
AcrF,1077,1
gadW,1020,0
CARB-21,1020,0
CARB-18,1020,0
CARB-22,1020,0
OCH-7,1020,0
CARB-20,1020,1
rpoB,1020,0
acrD,1020,0
tetR,1020,0
tet(B),1020,0
tet(D),1020,0
vgaC,1020,0
sul2,1020,0
parC,1020,0
gyrA,1020,0
floR,1020,0
dfrA5,1020,0
APH(3'')-Ib,1020,0
ICR-Mc,1020,0
ANT(4')-IIb,1020,1
adeF,1020,1
ugd,1020,1
soxS,1020,1
soxR,1020,1
nfsA,1020,1
msbA,1020,1
mdtP,1020,1
mdtO,1020,1
mdtN,1020,1
mdtM,1020,1
mdtH,1020,1
mdtG,1020,1
mdtF,1020,1
mdtE,1020,1
mdtC,1020,1
mdtB,1020,1
mdtA,1020,1
mdfA,1020,1
marR,1020,1
marA,1020,1
kdpE,1020,1
gadX,1020,1
evgS,1020,1
evgA,1020,1
eptA,1020,1
emrY,1020,1
emrR,1020,1
emrK,1020,1
emrE,1020,1
emrB,1020,1
emrA,1020,1
cpxA,1020,1
baeS,1020,1
baeR,1020,1
bacA,1020,1
acrR,1020,1
acrB,1020,1
acrA,1020,1
YojI,1020,1
TolC,1020,1
PmrF,1020,1
H-NS,1020,1
GlpT,1020,1
CRP,1020,1
BUT-1,1020,1
AcrS,1020,1
AcrE,1020,1
AcrF,1020,1
gadW,1602,0
CARB-21,1602,1
CARB-18,1602,0
CARB-22,1602,0
OCH-7,1602,0
CARB-20,1602,0
rpoB,1602,0
acrD,1602,0
tetR,1602,0
tet(B),1602,0
tet(D),1602,0
vgaC,1602,0
sul2,1602,0
parC,1602,0
gyrA,1602,0
floR,1602,0
dfrA5,1602,0
APH(3'')-Ib,1602,0
ICR-Mc,1602,0
ANT(4')-IIb,1602,1
adeF,1602,1
ugd,1602,1
soxS,1602,1
soxR,1602,1
nfsA,1602,1
msbA,1602,1
mdtP,1602,1
mdtO,1602,1
mdtN,1602,1
mdtM,1602,1
mdtH,1602,1
mdtG,1602,1
mdtF,1602,1
mdtE,1602,1
mdtC,1602,1
mdtB,1602,1
mdtA,1602,1
mdfA,1602,1
marR,1602,1
marA,1602,1
kdpE,1602,1
gadX,1602,1
evgS,1602,1
evgA,1602,1
eptA,1602,1
emrY,1602,1
emrR,1602,1
emrK,1602,1
emrE,1602,1
emrB,1602,1
emrA,1602,1
cpxA,1602,1
baeS,1602,1
baeR,1602,1
bacA,1602,1
acrR,1602,1
acrB,1602,1
acrA,1602,1
YojI,1602,1
TolC,1602,1
PmrF,1602,1
H-NS,1602,1
GlpT,1602,1
CRP,1602,1
BUT-1,1602,1
AcrS,1602,1
AcrE,1602,1
AcrF,1602,1
gadW,1953,0
CARB-21,1953,0
CARB-18,1953,0
CARB-22,1953,0
OCH-7,1953,0
CARB-20,1953,0
rpoB,1953,0
acrD,1953,0
tetR,1953,1
tet(B),1953,1
tet(D),1953,1
vgaC,1953,0
sul2,1953,0
parC,1953,0
gyrA,1953,0
floR,1953,0
dfrA5,1953,0
APH(3'')-Ib,1953,0
ICR-Mc,1953,0
ANT(4')-IIb,1953,0
adeF,1953,1
ugd,1953,1
soxS,1953,1
soxR,1953,1
nfsA,1953,1
msbA,1953,1
mdtP,1953,1
mdtO,1953,1
mdtN,1953,1
mdtM,1953,1
mdtH,1953,1
mdtG,1953,1
mdtF,1953,1
mdtE,1953,1
mdtC,1953,1
mdtB,1953,1
mdtA,1953,1
mdfA,1953,1
marR,1953,1
marA,1953,1
kdpE,1953,1
gadX,1953,1
evgS,1953,1
evgA,1953,1
eptA,1953,1
emrY,1953,1
emrR,1953,1
emrK,1953,1
emrE,1953,1
emrB,1953,1
emrA,1953,1
cpxA,1953,1
baeS,1953,1
baeR,1953,1
bacA,1953,1
acrR,1953,1
acrB,1953,1
acrA,1953,1
YojI,1953,1
TolC,1953,1
PmrF,1953,1
H-NS,1953,1
GlpT,1953,1
CRP,1953,1
BUT-1,1953,1
AcrS,1953,1
AcrE,1953,1
AcrF,1953,1
gadW,1365,0
CARB-21,1365,0
CARB-18,1365,0
CARB-22,1365,0
OCH-7,1365,0
CARB-20,1365,0
rpoB,1365,0
acrD,1365,1
tetR,1365,1
tet(B),1365,1
tet(D),1365,1
vgaC,1365,0
sul2,1365,0
parC,1365,0
gyrA,1365,0
floR,1365,0
dfrA5,1365,0
APH(3'')-Ib,1365,0
ICR-Mc,1365,0
ANT(4')-IIb,1365,0
adeF,1365,0
ugd,1365,1
soxS,1365,1
soxR,1365,1
nfsA,1365,1
msbA,1365,1
mdtP,1365,1
mdtO,1365,1
mdtN,1365,1
mdtM,1365,1
mdtH,1365,1
mdtG,1365,1
mdtF,1365,1
mdtE,1365,1
mdtC,1365,1
mdtB,1365,1
mdtA,1365,1
mdfA,1365,1
marR,1365,1
marA,1365,1
kdpE,1365,1
gadX,1365,1
evgS,1365,1
evgA,1365,1
eptA,1365,1
emrY,1365,1
emrR,1365,1
emrK,1365,1
emrE,1365,1
emrB,1365,1
emrA,1365,1
cpxA,1365,1
baeS,1365,1
baeR,1365,1
bacA,1365,1
acrR,1365,1
acrB,1365,1
acrA,1365,1
YojI,1365,1
TolC,1365,1
PmrF,1365,1
H-NS,1365,1
GlpT,1365,1
CRP,1365,1
BUT-1,1365,1
AcrS,1365,1
AcrE,1365,1
AcrF,1365,1
gadW,1688,0
CARB-21,1688,0
CARB-18,1688,0
CARB-22,1688,0
OCH-7,1688,0
CARB-20,1688,0
rpoB,1688,0
acrD,1688,1
tetR,1688,1
tet(B),1688,1
tet(D),1688,1
vgaC,1688,0
sul2,1688,0
parC,1688,0
gyrA,1688,0
floR,1688,0
dfrA5,1688,0
APH(3'')-Ib,1688,0
ICR-Mc,1688,0
ANT(4')-IIb,1688,0
adeF,1688,0
ugd,1688,1
soxS,1688,1
soxR,1688,1
nfsA,1688,1
msbA,1688,1
mdtP,1688,1
mdtO,1688,1
mdtN,1688,1
mdtM,1688,1
mdtH,1688,1
mdtG,1688,1
mdtF,1688,1
mdtE,1688,1
mdtC,1688,1
mdtB,1688,1
mdtA,1688,1
mdfA,1688,1
marR,1688,1
marA,1688,1
kdpE,1688,1
gadX,1688,1
evgS,1688,1
evgA,1688,1
eptA,1688,1
emrY,1688,1
emrR,1688,1
emrK,1688,1
emrE,1688,1
emrB,1688,1
emrA,1688,1
cpxA,1688,1
baeS,1688,1
baeR,1688,1
bacA,1688,1
acrR,1688,1
acrB,1688,1
acrA,1688,1
YojI,1688,1
TolC,1688,1
PmrF,1688,1
H-NS,1688,1
GlpT,1688,1
CRP,1688,1
BUT-1,1688,1
AcrS,1688,1
AcrE,1688,1
AcrF,1688,1
gadW,1814,1
CARB-21,1814,0
CARB-18,1814,0
CARB-22,1814,0
OCH-7,1814,0
CARB-20,1814,0
rpoB,1814,0
acrD,1814,0
tetR,1814,0
tet(B),1814,0
tet(D),1814,0
vgaC,1814,1
sul2,1814,1
parC,1814,1
gyrA,1814,1
floR,1814,1
dfrA5,1814,1
APH(3'')-Ib,1814,1
ICR-Mc,1814,1
ANT(4')-IIb,1814,1
adeF,1814,1
ugd,1814,1
soxS,1814,1
soxR,1814,1
nfsA,1814,1
msbA,1814,1
mdtP,1814,1
mdtO,1814,1
mdtN,1814,1
mdtM,1814,1
mdtH,1814,1
mdtG,1814,1
mdtF,1814,1
mdtE,1814,1
mdtC,1814,1
mdtB,1814,1
mdtA,1814,1
mdfA,1814,1
marR,1814,1
marA,1814,1
kdpE,1814,1
gadX,1814,1
evgS,1814,1
evgA,1814,1
eptA,1814,1
emrY,1814,1
emrR,1814,1
emrK,1814,1
emrE,1814,1
emrB,1814,1
emrA,1814,1
cpxA,1814,1
baeS,1814,1
baeR,1814,1
bacA,1814,1
acrR,1814,1
acrB,1814,1
acrA,1814,1
YojI,1814,1
TolC,1814,1
PmrF,1814,1
H-NS,1814,1
GlpT,1814,1
CRP,1814,1
BUT-1,1814,1
AcrS,1814,1
AcrE,1814,1
AcrF,1814,1
gadW,1729,1
CARB-21,1729,0
CARB-18,1729,0
CARB-22,1729,0
OCH-7,1729,0
CARB-20,1729,0
rpoB,1729,0
acrD,1729,0
tetR,1729,0
tet(B),1729,0
tet(D),1729,0
vgaC,1729,1
sul2,1729,1
parC,1729,1
gyrA,1729,1
floR,1729,1
dfrA5,1729,1
APH(3'')-Ib,1729,1
ICR-Mc,1729,1
ANT(4')-IIb,1729,1
adeF,1729,1
ugd,1729,1
soxS,1729,1
soxR,1729,1
nfsA,1729,1
msbA,1729,1
mdtP,1729,1
mdtO,1729,1
mdtN,1729,1
mdtM,1729,1
mdtH,1729,1
mdtG,1729,1
mdtF,1729,1
mdtE,1729,1
mdtC,1729,1
mdtB,1729,1
mdtA,1729,1
mdfA,1729,1
marR,1729,1
marA,1729,1
kdpE,1729,1
gadX,1729,1
evgS,1729,1
evgA,1729,1
eptA,1729,1
emrY,1729,1
emrR,1729,1
emrK,1729,1
emrE,1729,1
emrB,1729,1
emrA,1729,1
cpxA,1729,1
baeS,1729,1
baeR,1729,1
bacA,1729,1
acrR,1729,1
acrB,1729,1
acrA,1729,1
YojI,1729,1
TolC,1729,1
PmrF,1729,1
H-NS,1729,1
GlpT,1729,1
CRP,1729,1
BUT-1,1729,1
AcrS,1729,1
AcrE,1729,1
AcrF,1729,1
gadW,1891,1
CARB-21,1891,0
CARB-18,1891,0
CARB-22,1891,0
OCH-7,1891,0
CARB-20,1891,0
rpoB,1891,0
acrD,1891,0
tetR,1891,0
tet(B),1891,0
tet(D),1891,0
vgaC,1891,1
sul2,1891,1
parC,1891,1
gyrA,1891,1
floR,1891,1
dfrA5,1891,1
APH(3'')-Ib,1891,1
ICR-Mc,1891,1
ANT(4')-IIb,1891,1
adeF,1891,1
ugd,1891,1
soxS,1891,1
soxR,1891,1
nfsA,1891,1
msbA,1891,1
mdtP,1891,1
mdtO,1891,1
mdtN,1891,1
mdtM,1891,1
mdtH,1891,1
mdtG,1891,1
mdtF,1891,1
mdtE,1891,1
mdtC,1891,1
mdtB,1891,1
mdtA,1891,1
mdfA,1891,1
marR,1891,1
marA,1891,1
kdpE,1891,1
gadX,1891,1
evgS,1891,1
evgA,1891,1
eptA,1891,1
emrY,1891,1
emrR,1891,1
emrK,1891,1
emrE,1891,1
emrB,1891,1
emrA,1891,1
cpxA,1891,1
baeS,1891,1
baeR,1891,1
bacA,1891,1
acrR,1891,1
acrB,1891,1
acrA,1891,1
YojI,1891,1
TolC,1891,1
PmrF,1891,1
H-NS,1891,1
GlpT,1891,1
CRP,1891,1
BUT-1,1891,1
AcrS,1891,1
AcrE,1891,1
AcrF,1891,1
gadW,1042,1
CARB-21,1042,0
CARB-18,1042,0
CARB-22,1042,0
OCH-7,1042,0
CARB-20,1042,0
rpoB,1042,0
acrD,1042,0
tetR,1042,0
tet(B),1042,0
tet(D),1042,0
vgaC,1042,1
sul2,1042,1
parC,1042,1
gyrA,1042,1
floR,1042,1
dfrA5,1042,1
APH(3'')-Ib,1042,1
ICR-Mc,1042,1
ANT(4')-IIb,1042,1
adeF,1042,1
ugd,1042,1
soxS,1042,1
soxR,1042,1
nfsA,1042,1
msbA,1042,1
mdtP,1042,1
mdtO,1042,1
mdtN,1042,1
mdtM,1042,1
mdtH,1042,1
mdtG,1042,1
mdtF,1042,1
mdtE,1042,1
mdtC,1042,1
mdtB,1042,1
mdtA,1042,1
mdfA,1042,1
marR,1042,1
marA,1042,1
kdpE,1042,1
gadX,1042,1
evgS,1042,1
evgA,1042,1
eptA,1042,1
emrY,1042,1
emrR,1042,1
emrK,1042,1
emrE,1042,1
emrB,1042,1
emrA,1042,1
cpxA,1042,1
baeS,1042,1
baeR,1042,1
bacA,1042,1
acrR,1042,1
acrB,1042,1
acrA,1042,1
YojI,1042,1
TolC,1042,1
PmrF,1042,1
H-NS,1042,1
GlpT,1042,1
CRP,1042,1
BUT-1,1042,1
AcrS,1042,1
AcrE,1042,1
AcrF,1042,1
gadW,1552,1
CARB-21,1552,0
CARB-18,1552,0
CARB-22,1552,0
OCH-7,1552,0
CARB-20,1552,0
rpoB,1552,0
acrD,1552,0
tetR,1552,0
tet(B),1552,0
tet(D),1552,0
vgaC,1552,1
sul2,1552,1
parC,1552,1
gyrA,1552,1
floR,1552,1
dfrA5,1552,1
APH(3'')-Ib,1552,1
ICR-Mc,1552,1
ANT(4')-IIb,1552,1
adeF,1552,1
ugd,1552,1
soxS,1552,1
soxR,1552,1
nfsA,1552,1
msbA,1552,1
mdtP,1552,1
mdtO,1552,1
mdtN,1552,1
mdtM,1552,1
mdtH,1552,1
mdtG,1552,1
mdtF,1552,1
mdtE,1552,1
mdtC,1552,1
mdtB,1552,1
mdtA,1552,1
mdfA,1552,1
marR,1552,1
marA,1552,1
kdpE,1552,1
gadX,1552,1
evgS,1552,1
evgA,1552,1
eptA,1552,1
emrY,1552,1
emrR,1552,1
emrK,1552,1
emrE,1552,1
emrB,1552,1
emrA,1552,1
cpxA,1552,1
baeS,1552,1
baeR,1552,1
bacA,1552,1
acrR,1552,1
acrB,1552,1
acrA,1552,1
YojI,1552,1
TolC,1552,1
PmrF,1552,1
H-NS,1552,1
GlpT,1552,1
CRP,1552,1
BUT-1,1552,1
AcrS,1552,1
AcrE,1552,1
AcrF,1552,1
gadW,1288,1
CARB-21,1288,0
CARB-18,1288,0
CARB-22,1288,0
OCH-7,1288,0
CARB-20,1288,0
rpoB,1288,0
acrD,1288,0
tetR,1288,0
tet(B),1288,0
tet(D),1288,0
vgaC,1288,0
sul2,1288,0
parC,1288,0
gyrA,1288,0
floR,1288,0
dfrA5,1288,0
APH(3'')-Ib,1288,0
ICR-Mc,1288,0
ANT(4')-IIb,1288,0
adeF,1288,1
ugd,1288,1
soxS,1288,1
soxR,1288,1
nfsA,1288,1
msbA,1288,1
mdtP,1288,1
mdtO,1288,1
mdtN,1288,1
mdtM,1288,1
mdtH,1288,1
mdtG,1288,1
mdtF,1288,1
mdtE,1288,1
mdtC,1288,1
mdtB,1288,1
mdtA,1288,1
mdfA,1288,1
marR,1288,1
marA,1288,1
kdpE,1288,1
gadX,1288,1
evgS,1288,1
evgA,1288,1
eptA,1288,1
emrY,1288,1
emrR,1288,1
emrK,1288,1
emrE,1288,1
emrB,1288,1
emrA,1288,1
cpxA,1288,1
baeS,1288,1
baeR,1288,1
bacA,1288,1
acrR,1288,1
acrB,1288,1
acrA,1288,1
YojI,1288,1
TolC,1288,1
PmrF,1288,1
H-NS,1288,1
GlpT,1288,1
CRP,1288,1
BUT-1,1288,1
AcrS,1288,1
AcrE,1288,1
AcrF,1288,1
gadW,1671,1
CARB-21,1671,0
CARB-18,1671,0
CARB-22,1671,0
OCH-7,1671,0
CARB-20,1671,0
rpoB,1671,0
acrD,1671,0
tetR,1671,0
tet(B),1671,0
tet(D),1671,0
vgaC,1671,0
sul2,1671,0
parC,1671,0
gyrA,1671,0
floR,1671,0
dfrA5,1671,0
APH(3'')-Ib,1671,0
ICR-Mc,1671,0
ANT(4')-IIb,1671,0
adeF,1671,1
ugd,1671,1
soxS,1671,1
soxR,1671,1
nfsA,1671,1
msbA,1671,1
mdtP,1671,1
mdtO,1671,1
mdtN,1671,1
mdtM,1671,1
mdtH,1671,1
mdtG,1671,1
mdtF,1671,1
mdtE,1671,1
mdtC,1671,1
mdtB,1671,1
mdtA,1671,1
mdfA,1671,1
marR,1671,1
marA,1671,1
kdpE,1671,1
gadX,1671,1
evgS,1671,1
evgA,1671,1
eptA,1671,1
emrY,1671,1
emrR,1671,1
emrK,1671,1
emrE,1671,1
emrB,1671,1
emrA,1671,1
cpxA,1671,1
baeS,1671,1
baeR,1671,1
bacA,1671,1
acrR,1671,1
acrB,1671,1
acrA,1671,1
YojI,1671,1
TolC,1671,1
PmrF,1671,1
H-NS,1671,1
GlpT,1671,1
CRP,1671,1
BUT-1,1671,1
AcrS,1671,1
AcrE,1671,1
AcrF,1671,1
gadW,1200,1
CARB-21,1200,0
CARB-18,1200,0
CARB-22,1200,0
OCH-7,1200,0
CARB-20,1200,0
rpoB,1200,0
acrD,1200,0
tetR,1200,0
tet(B),1200,0
tet(D),1200,0
vgaC,1200,0
sul2,1200,0
parC,1200,0
gyrA,1200,0
floR,1200,0
dfrA5,1200,0
APH(3'')-Ib,1200,0
ICR-Mc,1200,0
ANT(4')-IIb,1200,0
adeF,1200,1
ugd,1200,1
soxS,1200,1
soxR,1200,1
nfsA,1200,1
msbA,1200,1
mdtP,1200,1
mdtO,1200,1
mdtN,1200,1
mdtM,1200,1
mdtH,1200,1
mdtG,1200,1
mdtF,1200,1
mdtE,1200,1
mdtC,1200,1
mdtB,1200,1
mdtA,1200,1
mdfA,1200,1
marR,1200,1
marA,1200,1
kdpE,1200,1
gadX,1200,1
evgS,1200,1
evgA,1200,1
eptA,1200,1
emrY,1200,1
emrR,1200,1
emrK,1200,1
emrE,1200,1
emrB,1200,1
emrA,1200,1
cpxA,1200,1
baeS,1200,1
baeR,1200,1
bacA,1200,1
acrR,1200,1
acrB,1200,1
acrA,1200,1
YojI,1200,1
TolC,1200,1
PmrF,1200,1
H-NS,1200,1
GlpT,1200,1
CRP,1200,1
BUT-1,1200,1
AcrS,1200,1
AcrE,1200,1
AcrF,1200,1
gadW,1913,1
CARB-21,1913,0
CARB-18,1913,0
CARB-22,1913,0
OCH-7,1913,0
CARB-20,1913,0
rpoB,1913,0
acrD,1913,0
tetR,1913,0
tet(B),1913,0
tet(D),1913,0
vgaC,1913,0
sul2,1913,0
parC,1913,0
gyrA,1913,0
floR,1913,0
dfrA5,1913,0
APH(3'')-Ib,1913,0
ICR-Mc,1913,0
ANT(4')-IIb,1913,0
adeF,1913,1
ugd,1913,1
soxS,1913,1
soxR,1913,1
nfsA,1913,1
msbA,1913,1
mdtP,1913,1
mdtO,1913,1
mdtN,1913,1
mdtM,1913,1
mdtH,1913,1
mdtG,1913,1
mdtF,1913,1
mdtE,1913,1
mdtC,1913,1
mdtB,1913,1
mdtA,1913,1
mdfA,1913,1
marR,1913,1
marA,1913,1
kdpE,1913,1
gadX,1913,1
evgS,1913,1
evgA,1913,1
eptA,1913,1
emrY,1913,1
emrR,1913,1
emrK,1913,1
emrE,1913,1
emrB,1913,1
emrA,1913,1
cpxA,1913,1
baeS,1913,1
baeR,1913,1
bacA,1913,1
acrR,1913,1
acrB,1913,1
acrA,1913,1
YojI,1913,1
TolC,1913,1
PmrF,1913,1
H-NS,1913,1
GlpT,1913,1
CRP,1913,1
BUT-1,1913,1
AcrS,1913,1
AcrE,1913,1
AcrF,1913,1
gadW,1203,1
CARB-21,1203,0
CARB-18,1203,0
CARB-22,1203,0
OCH-7,1203,0
CARB-20,1203,0
rpoB,1203,0
acrD,1203,0
tetR,1203,0
tet(B),1203,0
tet(D),1203,0
vgaC,1203,0
sul2,1203,0
parC,1203,0
gyrA,1203,0
floR,1203,0
dfrA5,1203,0
APH(3'')-Ib,1203,0
ICR-Mc,1203,0
ANT(4')-IIb,1203,1
adeF,1203,1
ugd,1203,1
soxS,1203,1
soxR,1203,1
nfsA,1203,1
msbA,1203,1
mdtP,1203,1
mdtO,1203,1
mdtN,1203,1
mdtM,1203,1
mdtH,1203,1
mdtG,1203,1
mdtF,1203,1
mdtE,1203,1
mdtC,1203,1
mdtB,1203,1
mdtA,1203,1
mdfA,1203,1
marR,1203,1
marA,1203,1
kdpE,1203,1
gadX,1203,1
evgS,1203,1
evgA,1203,1
eptA,1203,1
emrY,1203,1
emrR,1203,1
emrK,1203,1
emrE,1203,1
emrB,1203,1
emrA,1203,1
cpxA,1203,1
baeS,1203,1
baeR,1203,1
bacA,1203,1
acrR,1203,1
acrB,1203,1
acrA,1203,1
YojI,1203,1
TolC,1203,1
PmrF,1203,1
H-NS,1203,1
GlpT,1203,1
CRP,1203,1
BUT-1,1203,1
AcrS,1203,1
AcrE,1203,1
AcrF,1203,1
gadW,1686,1
CARB-21,1686,0
CARB-18,1686,0
CARB-22,1686,0
OCH-7,1686,1
CARB-20,1686,0
rpoB,1686,0
acrD,1686,0
tetR,1686,0
tet(B),1686,0
tet(D),1686,0
vgaC,1686,0
sul2,1686,0
parC,1686,0
gyrA,1686,0
floR,1686,0
dfrA5,1686,0
APH(3'')-Ib,1686,0
ICR-Mc,1686,0
ANT(4')-IIb,1686,1
adeF,1686,1
ugd,1686,1
soxS,1686,1
soxR,1686,1
nfsA,1686,1
msbA,1686,1
mdtP,1686,1
mdtO,1686,1
mdtN,1686,1
mdtM,1686,1
mdtH,1686,1
mdtG,1686,1
mdtF,1686,1
mdtE,1686,1
mdtC,1686,1
mdtB,1686,1
mdtA,1686,1
mdfA,1686,1
marR,1686,1
marA,1686,1
kdpE,1686,1
gadX,1686,1
evgS,1686,1
evgA,1686,1
eptA,1686,1
emrY,1686,1
emrR,1686,1
emrK,1686,1
emrE,1686,1
emrB,1686,1
emrA,1686,1
cpxA,1686,1
baeS,1686,1
baeR,1686,1
bacA,1686,1
acrR,1686,1
acrB,1686,1
acrA,1686,1
YojI,1686,1
TolC,1686,1
PmrF,1686,1
H-NS,1686,1
GlpT,1686,1
CRP,1686,1
BUT-1,1686,1
AcrS,1686,1
AcrE,1686,1
AcrF,1686,1
gadW,1240,1
CARB-21,1240,0
CARB-18,1240,0
CARB-22,1240,0
OCH-7,1240,0
CARB-20,1240,0
rpoB,1240,0
acrD,1240,0
tetR,1240,0
tet(B),1240,0
tet(D),1240,0
vgaC,1240,0
sul2,1240,0
parC,1240,0
gyrA,1240,0
floR,1240,0
dfrA5,1240,0
APH(3'')-Ib,1240,0
ICR-Mc,1240,0
ANT(4')-IIb,1240,1
adeF,1240,1
ugd,1240,1
soxS,1240,1
soxR,1240,1
nfsA,1240,1
msbA,1240,1
mdtP,1240,1
mdtO,1240,1
mdtN,1240,1
mdtM,1240,1
mdtH,1240,1
mdtG,1240,1
mdtF,1240,1
mdtE,1240,1
mdtC,1240,1
mdtB,1240,1
mdtA,1240,1
mdfA,1240,1
marR,1240,1
marA,1240,1
kdpE,1240,1
gadX,1240,1
evgS,1240,1
evgA,1240,1
eptA,1240,1
emrY,1240,1
emrR,1240,1
emrK,1240,1
emrE,1240,1
emrB,1240,1
emrA,1240,1
cpxA,1240,1
baeS,1240,1
baeR,1240,1
bacA,1240,1
acrR,1240,1
acrB,1240,1
acrA,1240,1
YojI,1240,1
TolC,1240,1
PmrF,1240,1
H-NS,1240,1
GlpT,1240,1
CRP,1240,1
BUT-1,1240,1
AcrS,1240,1
AcrE,1240,1
AcrF,1240,1
gadW,1204,1
CARB-21,1204,0
CARB-18,1204,0
CARB-22,1204,0
OCH-7,1204,0
CARB-20,1204,0
rpoB,1204,0
acrD,1204,0
tetR,1204,0
tet(B),1204,0
tet(D),1204,0
vgaC,1204,0
sul2,1204,0
parC,1204,0
gyrA,1204,0
floR,1204,0
dfrA5,1204,0
APH(3'')-Ib,1204,0
ICR-Mc,1204,0
ANT(4')-IIb,1204,1
adeF,1204,1
ugd,1204,1
soxS,1204,1
soxR,1204,1
nfsA,1204,1
msbA,1204,1
mdtP,1204,1
mdtO,1204,1
mdtN,1204,1
mdtM,1204,1
mdtH,1204,1
mdtG,1204,1
mdtF,1204,1
mdtE,1204,1
mdtC,1204,1
mdtB,1204,1
mdtA,1204,1
mdfA,1204,1
marR,1204,1
marA,1204,1
kdpE,1204,1
gadX,1204,1
evgS,1204,1
evgA,1204,1
eptA,1204,1
emrY,1204,1
emrR,1204,1
emrK,1204,1
emrE,1204,1
emrB,1204,1
emrA,1204,1
cpxA,1204,1
baeS,1204,1
baeR,1204,1
bacA,1204,1
acrR,1204,1
acrB,1204,1
acrA,1204,1
YojI,1204,1
TolC,1204,1
PmrF,1204,1
H-NS,1204,1
GlpT,1204,1
CRP,1204,1
BUT-1,1204,1
AcrS,1204,1
AcrE,1204,1
AcrF,1204,1
gadW,1357,1
CARB-21,1357,0
CARB-18,1357,0
CARB-22,1357,0
OCH-7,1357,0
CARB-20,1357,0
rpoB,1357,0
acrD,1357,0
tetR,1357,0
tet(B),1357,0
tet(D),1357,0
vgaC,1357,0
sul2,1357,0
parC,1357,0
gyrA,1357,0
floR,1357,0
dfrA5,1357,0
APH(3'')-Ib,1357,0
ICR-Mc,1357,0
ANT(4')-IIb,1357,1
adeF,1357,1
ugd,1357,1
soxS,1357,1
soxR,1357,1
nfsA,1357,1
msbA,1357,1
mdtP,1357,1
mdtO,1357,1
mdtN,1357,1
mdtM,1357,1
mdtH,1357,1
mdtG,1357,1
mdtF,1357,1
mdtE,1357,1
mdtC,1357,1
mdtB,1357,1
mdtA,1357,1
mdfA,1357,1
marR,1357,1
marA,1357,1
kdpE,1357,1
gadX,1357,1
evgS,1357,1
evgA,1357,1
eptA,1357,1
emrY,1357,1
emrR,1357,1
emrK,1357,1
emrE,1357,1
emrB,1357,1
emrA,1357,1
cpxA,1357,1
baeS,1357,1
baeR,1357,1
bacA,1357,1
acrR,1357,1
acrB,1357,1
acrA,1357,1
YojI,1357,1
TolC,1357,1
PmrF,1357,1
H-NS,1357,1
GlpT,1357,1
CRP,1357,1
BUT-1,1357,1
AcrS,1357,1
AcrE,1357,1
AcrF,1357,1
gadW,1743,1
CARB-21,1743,0
CARB-18,1743,0
CARB-22,1743,0
OCH-7,1743,0
CARB-20,1743,0
rpoB,1743,0
acrD,1743,0
tetR,1743,0
tet(B),1743,0
tet(D),1743,0
vgaC,1743,0
sul2,1743,0
parC,1743,0
gyrA,1743,0
floR,1743,0
dfrA5,1743,0
APH(3'')-Ib,1743,0
ICR-Mc,1743,0
ANT(4')-IIb,1743,1
adeF,1743,1
ugd,1743,1
soxS,1743,1
soxR,1743,1
nfsA,1743,1
msbA,1743,1
mdtP,1743,1
mdtO,1743,1
mdtN,1743,1
mdtM,1743,1
mdtH,1743,1
mdtG,1743,1
mdtF,1743,1
mdtE,1743,1
mdtC,1743,1
mdtB,1743,1
mdtA,1743,1
mdfA,1743,1
marR,1743,1
marA,1743,1
kdpE,1743,1
gadX,1743,1
evgS,1743,1
evgA,1743,1
eptA,1743,1
emrY,1743,1
emrR,1743,1
emrK,1743,1
emrE,1743,1
emrB,1743,1
emrA,1743,1
cpxA,1743,1
baeS,1743,1
baeR,1743,1
bacA,1743,1
acrR,1743,1
acrB,1743,1
acrA,1743,1
YojI,1743,1
TolC,1743,1
PmrF,1743,1
H-NS,1743,1
GlpT,1743,1
CRP,1743,1
BUT-1,1743,1
AcrS,1743,1
AcrE,1743,1
AcrF,1743,1
